text,label
Sicredi informa: seu extrato mensal já está disponível no caixa eletrônico. Acesse o app oficial para consultar seus lançamentos.,0
"Parabéns! Você foi premiado pelo Bradesco com limite extra de R$ 9633,00. Para liberar na hora clique em verificacao-digital.com/bonus.",1
Mensagem de voz aguardando com detalhes de movimentação suspeita na sua conta Nubank. Ouça em banco-seguro.com/voz-banco.,1
Caixa: saque em lotérica no valor de R$ 200 realizado com sucesso.,0
"Itaú: débito automático da sua conta de luz no valor de R$ 281,00 será realizado em 8/07.",0
"Banco do Brasil: compra aprovada no valor de R$ 129,00 no seu cartão virtual. Se não reconhecer, contate o banco pelo 4004 9090.",0
Recebemos uma tentativa de acesso suspeito. Verifique seus dados em https://acesso-seguro.com/7290.,1
Mensagem de voz aguardando com detalhes de movimentação suspeita na sua conta Sicredi. Ouça em minha-conta-segura.com/voz-banco.,1
Mensagem recebida. Te respondo assim que sair da reunião.,0
ATENÇÃO Banco do Brasil: sua conta foi BLOQUEADA por segurança. Acesse imediatamente minha-conta-segura.com/reativar para desbloquear e evitar cancelamento definitivo.,1
"Pedido recebido, prazo de entrega entre 3 e 5 dias úteis.",0
Bradesco: sua fatura foi fechada com vencimento em 3/07. Consulte o valor e o código de barras diretamente pelo aplicativo.,0
Inter: sua fatura foi fechada com vencimento em 1/07. Consulte o valor e o código de barras diretamente pelo aplicativo.,0
Caixa ALERTA: identificamos um PIX suspeito em sua conta. Cancele agora em verificacao-digital.com/cancelar para não perder seu dinheiro.,1
Último aviso: seu cartão virtual do Nubank será CANCELADO hoje. Regularize seus dados em verificacao-digital.com/urgente e evite bloqueio total.,1
Sicredi: atualização concluída. Seus dados cadastrais foram atualizados com sucesso em nossa agência digital. Nenhuma ação adicional é necessária.,0
"Cartão adicional aprovado! Para receber, confirme seus dados em https://cartao-aprovado.com/7702.",1
Sicredi informa: seu extrato mensal já está disponível no WhatsApp oficial. Acesse o app oficial para consultar seus lançamentos.,0
"Itaú: seu limite do cartão de crédito foi ajustado para R$ 5741,00 a partir de hoje. Consulte os detalhes no app.",0
"Oi Ana, podemos remarcar nosso encontro para sexta à noite?",0
Seu cartão do Bradesco foi BLOQUEADO. Regularize em até 24h acessando: https://bradesco-secure.com/2281,1
Nubank: detectamos tentativa de acesso não autorizado. Confirme seus dados em banco-seguro.com/validacao em até 10 minutos para manter sua conta ativa.,1
Sicredi: sua chave PIX foi temporariamente suspensa. Reative informando seus dados completos em minha-conta-segura.com/pix-seguro.,1
ATENÇÃO Inter: sua conta foi BLOQUEADA por segurança. Acesse imediatamente minha-conta-segura.com/reativar para desbloquear e evitar cancelamento definitivo.,1
Banco do Brasil: sua chave PIX foi temporariamente suspensa. Reative informando seus dados completos em cliente-atualiza.com/pix-seguro.,1
ATENÇÃO Itaú: sua conta foi BLOQUEADA por segurança. Acesse imediatamente banco-seguro.com/reativar para desbloquear e evitar cancelamento definitivo.,1
Amazon: sua assinatura foi renovada com sucesso.,0
"Bradesco: pagamento do seu boleto no valor de R$ 396,00 foi confirmado. Obrigado por utilizar nossos canais digitais.",0
ATENÇÃO Santander: sua conta foi BLOQUEADA por segurança. Acesse imediatamente verificacao-digital.com/reativar para desbloquear e evitar cancelamento definitivo.,1
ATENÇÃO Sicredi: sua conta foi BLOQUEADA por segurança. Acesse imediatamente cliente-atualiza.com/reativar para desbloquear e evitar cancelamento definitivo.,1
Mensagem de voz aguardando com detalhes de movimentação suspeita na sua conta Sicredi. Ouça em minha-conta-segura.com/voz-banco.,1
C6 Bank informa: seu extrato mensal já está disponível no caixa eletrônico. Acesse o app oficial para consultar seus lançamentos.,0
Você participou da pesquisa de satisfação. Obrigado pelo feedback!,0
Itaú: atualização concluída. Seus dados cadastrais foram atualizados com sucesso em nossa agência digital. Nenhuma ação adicional é necessária.,0
"Inter: compra aprovada no valor de R$ 747,00 no seu cartão de crédito. Se não reconhecer, contate o banco pelo 3003 4455.",0
"Parabéns! Você foi premiado pelo Itaú com limite extra de R$ 8651,00. Para liberar na hora clique em seguroonline.app/bonus.",1
Sicredi informa: seu extrato mensal já está disponível no Internet Banking. Acesse o app oficial para consultar seus lançamentos.,0
Inter: sua chave PIX foi temporariamente suspensa. Reative informando seus dados completos em verificacao-digital.com/pix-seguro.,1
ATENÇÃO Bradesco: sua conta foi BLOQUEADA por segurança. Acesse imediatamente verificacao-digital.com/reativar para desbloquear e evitar cancelamento definitivo.,1
Bradesco: sua fatura foi fechada com vencimento em 20/08. Consulte o valor e o código de barras diretamente pelo aplicativo.,0
Sicredi: sua chave PIX foi temporariamente suspensa. Reative informando seus dados completos em minha-conta-segura.com/pix-seguro.,1
Seu acesso ao aplicativo da Caixa será encerrado hoje. Atualize sua senha em https://caixa-loginseguro.com/5510.,1
Último aviso: seu cartão de crédito do Banco do Brasil será CANCELADO hoje. Regularize seus dados em verificacao-digital.com/urgente e evite bloqueio total.,1
Banco do Brasil: sua chave PIX foi temporariamente suspensa. Reative informando seus dados completos em cliente-atualiza.com/pix-seguro.,1
WhatsApp: sua conta será desativada. Confirme seu número em https://whats-verifica.com/7320.,1
"Banco do Brasil: recebemos uma transferência chave PIX de R$ 89,00 para sua conta. Caso não reconheça, fale com o gerente pelo app.",0
"Parabéns! Você foi premiado pelo Bradesco com limite extra de R$ 9526,00. Para liberar na hora clique em banco-seguro.com/bonus.",1
"Bradesco: recebemos uma transferência PIX de R$ 2284,00 para sua conta. Caso não reconheça, fale com o gerente pelo app.",0
Seu código de login é 774821. Não compartilhe este código com ninguém.,0
ATENÇÃO Bradesco: sua conta foi BLOQUEADA por segurança. Acesse imediatamente minha-conta-segura.com/reativar para desbloquear e evitar cancelamento definitivo.,1
"Itaú: recebemos uma transferência transferência PIX de R$ 2203,00 para sua conta. Caso não reconheça, fale com o gerente pelo app.",0
"Nubank: recebemos uma transferência chave PIX de R$ 1343,00 para sua conta. Caso não reconheça, fale com o gerente pelo app.",0
"Caixa: pagamento do seu boleto no valor de R$ 583,00 foi confirmado. Obrigado por utilizar nossos canais digitais.",0
Último aviso: seu cartão débito do Bradesco será CANCELADO hoje. Regularize seus dados em seguroonline.app/urgente e evite bloqueio total.,1
Sicredi: sua chave PIX foi temporariamente suspensa. Reative informando seus dados completos em minha-conta-segura.com/pix-seguro.,1
Inter: seu cadastro está irregular na Receita Federal. Evite multa atualizando CPF e endereço em cliente-atualiza.com/receita agora.,1
Caixa: atualização concluída. Seus dados cadastrais foram atualizados com sucesso em nossa agência digital. Nenhuma ação adicional é necessária.,0
"Santander: lembramos que o banco nunca solicita senha ou código de segurança por SMS, e não envia links encurtados. Em caso de dúvida, acesse somente o app oficial.",0
"Inter: recebemos uma transferência chave PIX de R$ 245,00 para sua conta. Caso não reconheça, fale com o gerente pelo app.",0
"Banco do Brasil: débito automático da sua conta de luz no valor de R$ 252,00 será realizado em 14/08.",0
Boa tarde! Seu exame já está disponível no portal do laboratório.,0
Sicredi: sua fatura foi fechada com vencimento em 26/06. Consulte o valor e o código de barras diretamente pelo aplicativo.,0
"Nubank: débito automático da sua conta de luz no valor de R$ 225,00 será realizado em 15/08.",0
Último aviso: seu cartão débito do Inter será CANCELADO hoje. Regularize seus dados em cliente-atualiza.com/urgente e evite bloqueio total.,1
Último aviso: seu cartão de crédito do C6 Bank será CANCELADO hoje. Regularize seus dados em minha-conta-segura.com/urgente e evite bloqueio total.,1
"Bom dia, segue em anexo o relatório solicitado.",0
ATENÇÃO Inter: sua conta foi BLOQUEADA por segurança. Acesse imediatamente minha-conta-segura.com/reativar para desbloquear e evitar cancelamento definitivo.,1
Bradesco ALERTA: identificamos um PIX suspeito em sua conta. Cancele agora em minha-conta-segura.com/cancelar para não perder seu dinheiro.,1
Reforçando: prova de lógica de programação na segunda-feira às 20h.,0
Nubank: sua fatura foi fechada com vencimento em 3/07. Consulte o valor e o código de barras diretamente pelo aplicativo.,0
Banco do Brasil: sua fatura foi fechada com vencimento em 16/07. Consulte o valor e o código de barras diretamente pelo aplicativo.,0
Prêmio exclusivo para você! Resgate agora seu prêmio de R$ 1000: https://premio-clientevip.com/5920,1
ATENÇÃO Banco do Brasil: sua conta foi BLOQUEADA por segurança. Acesse imediatamente seguroonline.app/reativar para desbloquear e evitar cancelamento definitivo.,1
Bradesco: sua chave PIX foi temporariamente suspensa. Reative informando seus dados completos em seguroonline.app/pix-seguro.,1
Nubank: detectamos tentativa de acesso não autorizado. Confirme seus dados em cliente-atualiza.com/validacao em até 10 minutos para manter sua conta ativa.,1
Caixa: detectamos tentativa de acesso não autorizado. Confirme seus dados em banco-seguro.com/validacao em até 10 minutos para manter sua conta ativa.,1
"Banco do Brasil: compra aprovada no valor de R$ 944,00 no seu cartão virtual. Se não reconhecer, contate o banco pelo 0800 123 4567.",0
"Sicredi: débito automático da sua conta de luz no valor de R$ 310,00 será realizado em 15/06.",0
"Parabéns! Você foi premiado pelo Caixa com limite extra de R$ 7444,00. Para liberar na hora clique em seguroonline.app/bonus.",1
Nubank: sua chave PIX foi temporariamente suspensa. Reative informando seus dados completos em seguroonline.app/pix-seguro.,1
"Santander: compra aprovada no valor de R$ 54,00 no seu cartão de crédito. Se não reconhecer, contate o banco pelo 4004 9090.",0
Último aviso: seu cartão de crédito do Sicredi será CANCELADO hoje. Regularize seus dados em verificacao-digital.com/urgente e evite bloqueio total.,1
"Parabéns! Você foi premiado pelo Santander com limite extra de R$ 6286,00. Para liberar na hora clique em cliente-atualiza.com/bonus.",1
Mensagem de voz aguardando com detalhes de movimentação suspeita na sua conta Bradesco. Ouça em seguroonline.app/voz-banco.,1
Lembrete: pagamento do aluguel vence amanhã.,0
"Oi João, vamos jantar hoje?",0
Banco do Brasil: sua fatura foi fechada com vencimento em 28/09. Consulte o valor e o código de barras diretamente pelo aplicativo.,0
Caixa: sua fatura foi fechada com vencimento em 9/06. Consulte o valor e o código de barras diretamente pelo aplicativo.,0
Sicredi: detectamos tentativa de acesso não autorizado. Confirme seus dados em seguroonline.app/validacao em até 10 minutos para manter sua conta ativa.,1
Nubank informa: seu extrato mensal já está disponível no Internet Banking. Acesse o app oficial para consultar seus lançamentos.,0
"Banco do Brasil: pagamento do seu boleto no valor de R$ 878,00 foi confirmado. Obrigado por utilizar nossos canais digitais.",0
Santander: sua chave PIX foi temporariamente suspensa. Reative informando seus dados completos em seguroonline.app/pix-seguro.,1
"Oi mãe, chego aí às 19h para o jantar.",0
"C6 Bank: pagamento do seu boleto no valor de R$ 842,00 foi confirmado. Obrigado por utilizar nossos canais digitais.",0
"Itaú: débito automático da sua conta de luz no valor de R$ 303,00 será realizado em 12/06.",0
"Inter: seu limite do cartão virtual foi ajustado para R$ 3948,00 a partir de hoje. Consulte os detalhes no app.",0
"Banco do Brasil: compra aprovada no valor de R$ 360,00 no seu cartão virtual. Se não reconhecer, contate o banco pelo 3003 4455.",0
Novo recurso PIX premiado disponível! Ative em https://pix-premiado.com/6631 e ganhe bônus.,1
ATENÇÃO Nubank: sua conta foi BLOQUEADA por segurança. Acesse imediatamente seguroonline.app/reativar para desbloquear e evitar cancelamento definitivo.,1
Uber: cupom de desconto de 20% disponível para sua próxima corrida.,0
"Banco do Brasil: débito automático da sua conta de luz no valor de R$ 165,00 será realizado em 16/06.",0
"Bradesco: pagamento do seu boleto no valor de R$ 1092,00 foi confirmado. Obrigado por utilizar nossos canais digitais.",0
Mensagem de voz aguardando com detalhes de movimentação suspeita na sua conta Inter. Ouça em minha-conta-segura.com/voz-banco.,1
"Banco do Brasil: pagamento do seu boleto no valor de R$ 1214,00 foi confirmado. Obrigado por utilizar nossos canais digitais.",0
Obrigado pela presença hoje! Foi muito bom te ver.,0
Mensagem de voz aguardando com detalhes de movimentação suspeita na sua conta Itaú. Ouça em verificacao-digital.com/voz-banco.,1
Caixa: sua fatura foi fechada com vencimento em 27/06. Consulte o valor e o código de barras diretamente pelo aplicativo.,0
"Bradesco: compra aprovada no valor de R$ 132,00 no seu cartão virtual. Se não reconhecer, contate o banco pelo 0800 987 6543.",0
"C6 Bank: recebemos uma transferência chave PIX de R$ 2153,00 para sua conta. Caso não reconheça, fale com o gerente pelo app.",0
Último aviso: seu cartão débito do Itaú será CANCELADO hoje. Regularize seus dados em seguroonline.app/urgente e evite bloqueio total.,1
"Itaú: recebemos uma transferência PIX de R$ 157,00 para sua conta. Caso não reconheça, fale com o gerente pelo app.",0
Inter: sua chave PIX foi temporariamente suspensa. Reative informando seus dados completos em verificacao-digital.com/pix-seguro.,1
Mensagem de voz aguardando com detalhes de movimentação suspeita na sua conta Sicredi. Ouça em verificacao-digital.com/voz-banco.,1
ATENÇÃO Inter: sua conta foi BLOQUEADA por segurança. Acesse imediatamente banco-seguro.com/reativar para desbloquear e evitar cancelamento definitivo.,1
"Parabéns! Você foi premiado pelo Banco do Brasil com limite extra de R$ 6516,00. Para liberar na hora clique em seguroonline.app/bonus.",1
Bradesco: sua chave PIX foi temporariamente suspensa. Reative informando seus dados completos em cliente-atualiza.com/pix-seguro.,1
Mensagem de voz aguardando com detalhes de movimentação suspeita na sua conta Itaú. Ouça em seguroonline.app/voz-banco.,1
"Sicredi: débito automático da sua conta de luz no valor de R$ 165,00 será realizado em 9/07.",0
Sicredi: seu cadastro está irregular na Receita Federal. Evite multa atualizando CPF e endereço em cliente-atualiza.com/receita agora.,1
Mensagem de voz aguardando com detalhes de movimentação suspeita na sua conta Sicredi. Ouça em seguroonline.app/voz-banco.,1
Banco do Brasil informa: seu extrato mensal já está disponível no Internet Banking. Acesse o app oficial para consultar seus lançamentos.,0
Confirme seus dados para liberar seu cartão virtual Caixa: https://caixa-cartaoonline.com/9822,1
Último aviso: seu cartão virtual do Banco do Brasil será CANCELADO hoje. Regularize seus dados em cliente-atualiza.com/urgente e evite bloqueio total.,1
"Parabéns! Você foi premiado pelo Inter com limite extra de R$ 7667,00. Para liberar na hora clique em seguroonline.app/bonus.",1
"Bradesco: pagamento do seu boleto no valor de R$ 86,00 foi confirmado. Obrigado por utilizar nossos canais digitais.",0
Santander informa: seu extrato mensal já está disponível no WhatsApp oficial. Acesse o app oficial para consultar seus lançamentos.,0
Inter: sua chave PIX foi temporariamente suspensa. Reative informando seus dados completos em seguroonline.app/pix-seguro.,1
"Sicredi: débito automático da sua conta de luz no valor de R$ 88,00 será realizado em 23/08.",0
Banco do Brasil: seu cadastro está irregular na Receita Federal. Evite multa atualizando CPF e endereço em cliente-atualiza.com/receita agora.,1
Inter: seu cadastro está irregular na Receita Federal. Evite multa atualizando CPF e endereço em cliente-atualiza.com/receita agora.,1
Shopee: seu pacote foi recebido pela transportadora.,0
ATENÇÃO Santander: sua conta foi BLOQUEADA por segurança. Acesse imediatamente minha-conta-segura.com/reativar para desbloquear e evitar cancelamento definitivo.,1
Caixa informa: seu extrato mensal já está disponível no central telefônica. Acesse o app oficial para consultar seus lançamentos.,0
"Banco do Brasil: seu limite do cartão débito foi ajustado para R$ 1025,00 a partir de hoje. Consulte os detalhes no app.",0
Banco do Brasil: detectamos tentativa de acesso não autorizado. Confirme seus dados em seguroonline.app/validacao em até 10 minutos para manter sua conta ativa.,1
"Santander: seu limite do cartão de crédito foi ajustado para R$ 5937,00 a partir de hoje. Consulte os detalhes no app.",0
"Oi, já estou chegando. Trânsito um pouco lento.",0
Santander informa: seu extrato mensal já está disponível no central telefônica. Acesse o app oficial para consultar seus lançamentos.,0
Bradesco: sua fatura foi fechada com vencimento em 26/09. Consulte o valor e o código de barras diretamente pelo aplicativo.,0
Uber: sua viagem com destino ao trabalho foi concluída.,0
Banco do Brasil: sua conta será encerrada por falta de atualização cadastral. Evite o encerramento acessando https://bb-atualizacao.com/8153.,1
Sicredi: sua fatura foi fechada com vencimento em 23/08. Consulte o valor e o código de barras diretamente pelo aplicativo.,0
"Banco do Brasil: débito automático da sua conta de luz no valor de R$ 108,00 será realizado em 24/06.",0
Inter: comprovante de TED enviado para seu e-mail cadastrado.,0
Caixa: sua chave PIX foi temporariamente suspensa. Reative informando seus dados completos em cliente-atualiza.com/pix-seguro.,1
Sicredi informa: seu extrato mensal já está disponível no app. Acesse o app oficial para consultar seus lançamentos.,0
ATENÇÃO Bradesco: sua conta foi BLOQUEADA por segurança. Acesse imediatamente verificacao-digital.com/reativar para desbloquear e evitar cancelamento definitivo.,1
Itaú: sua chave PIX foi temporariamente suspensa. Reative informando seus dados completos em banco-seguro.com/pix-seguro.,1
Seu acesso ao Internet Banking Itaú foi bloqueado. Desbloqueie em https://itau-desbloqueio.com/9004.,1
"Parabéns! Você ganhou R$ 500, clique no link para resgatar: https://itau-bonus.com/4829",1
ATENÇÃO Banco do Brasil: sua conta foi BLOQUEADA por segurança. Acesse imediatamente banco-seguro.com/reativar para desbloquear e evitar cancelamento definitivo.,1
"Parabéns! Você foi premiado pelo Sicredi com limite extra de R$ 12099,00. Para liberar na hora clique em banco-seguro.com/bonus.",1
Inter: seu cadastro está irregular na Receita Federal. Evite multa atualizando CPF e endereço em minha-conta-segura.com/receita agora.,1
"Santander: pagamento do seu boleto no valor de R$ 261,00 foi confirmado. Obrigado por utilizar nossos canais digitais.",0
Último aviso: seu cartão de crédito do Caixa será CANCELADO hoje. Regularize seus dados em verificacao-digital.com/urgente e evite bloqueio total.,1
Bradesco: sua fatura foi fechada com vencimento em 20/08. Consulte o valor e o código de barras diretamente pelo aplicativo.,0
Sua encomenda Mercado Livre está parada na transportadora. Libere em https://ml-rastreamento.com/6690.,1
Inter: detectamos tentativa de acesso não autorizado. Confirme seus dados em seguroonline.app/validacao em até 10 minutos para manter sua conta ativa.,1
"Sicredi: lembramos que o banco nunca solicita senha ou código de segurança por SMS, e não envia links encurtados. Em caso de dúvida, acesse somente o app oficial.",0
Caixa: FGTS disponível para consulta no app.,0
"Parabéns! Você foi premiado pelo C6 Bank com limite extra de R$ 10619,00. Para liberar na hora clique em banco-seguro.com/bonus.",1
"Caixa: pagamento do seu boleto no valor de R$ 92,00 foi confirmado. Obrigado por utilizar nossos canais digitais.",0
Compra não reconhecida de R$ 1500 em seu cartão. Cancele em https://cancelar-compra.com/7742.,1
Banco do Brasil: sua chave PIX foi temporariamente suspensa. Reative informando seus dados completos em cliente-atualiza.com/pix-seguro.,1
Nubank: atualização concluída. Seus dados cadastrais foram atualizados com sucesso em nossa agência digital. Nenhuma ação adicional é necessária.,0
"Bradesco: débito automático da sua conta de luz no valor de R$ 345,00 será realizado em 15/06.",0
"Nubank: compra aprovada no valor de R$ 509,00 no seu cartão débito. Se não reconhecer, contate o banco pelo 0800 123 4567.",0
"Bradesco: débito automático da sua conta de luz no valor de R$ 308,00 será realizado em 16/08.",0
Último aviso: seu cartão de crédito do Inter será CANCELADO hoje. Regularize seus dados em banco-seguro.com/urgente e evite bloqueio total.,1
"Parabéns! Você foi premiado pelo Inter com limite extra de R$ 14736,00. Para liberar na hora clique em cliente-atualiza.com/bonus.",1
"Sicredi: compra aprovada no valor de R$ 86,00 no seu cartão virtual. Se não reconhecer, contate o banco pelo 4004 9090.",0
Itaú: sua fatura foi fechada com vencimento em 20/06. Consulte o valor e o código de barras diretamente pelo aplicativo.,0
Bradesco: sua chave PIX foi temporariamente suspensa. Reative informando seus dados completos em cliente-atualiza.com/pix-seguro.,1
Mensagem de voz aguardando com detalhes de movimentação suspeita na sua conta Bradesco. Ouça em banco-seguro.com/voz-banco.,1
"Bradesco: débito automático da sua conta de luz no valor de R$ 219,00 será realizado em 5/09.",0
Itaú: transferência de R$ 350 realizada com sucesso.,0
ATENÇÃO Nubank: sua conta foi BLOQUEADA por segurança. Acesse imediatamente seguroonline.app/reativar para desbloquear e evitar cancelamento definitivo.,1
iFood: seu entregador João já está a caminho. Tempo estimado: 25 minutos.,0
Itaú: atualização concluída. Seus dados cadastrais foram atualizados com sucesso em nossa agência digital. Nenhuma ação adicional é necessária.,0
"Sicredi: seu limite do cartão débito foi ajustado para R$ 7842,00 a partir de hoje. Consulte os detalhes no app.",0
"C6 Bank: pagamento do seu boleto no valor de R$ 490,00 foi confirmado. Obrigado por utilizar nossos canais digitais.",0
"Sicredi: lembramos que o banco nunca solicita senha ou código de segurança por SMS, e não envia links encurtados. Em caso de dúvida, acesse somente o app oficial.",0
"Parabéns! Você foi premiado pelo Bradesco com limite extra de R$ 11185,00. Para liberar na hora clique em seguroonline.app/bonus.",1
Santander ALERTA: identificamos um PIX suspeito em sua conta. Cancele agora em minha-conta-segura.com/cancelar para não perder seu dinheiro.,1
Inter: detectamos tentativa de acesso não autorizado. Confirme seus dados em cliente-atualiza.com/validacao em até 10 minutos para manter sua conta ativa.,1
ATENÇÃO Santander: sua conta foi BLOQUEADA por segurança. Acesse imediatamente banco-seguro.com/reativar para desbloquear e evitar cancelamento definitivo.,1
Sicredi: sua chave PIX foi temporariamente suspensa. Reative informando seus dados completos em banco-seguro.com/pix-seguro.,1
Itaú ALERTA: identificamos um PIX suspeito em sua conta. Cancele agora em verificacao-digital.com/cancelar para não perder seu dinheiro.,1
Nubank ALERTA: identificamos um PIX suspeito em sua conta. Cancele agora em minha-conta-segura.com/cancelar para não perder seu dinheiro.,1
Caixa: sua fatura foi fechada com vencimento em 15/07. Consulte o valor e o código de barras diretamente pelo aplicativo.,0
Itaú: detectamos tentativa de acesso não autorizado. Confirme seus dados em cliente-atualiza.com/validacao em até 10 minutos para manter sua conta ativa.,1
Itaú: sua chave PIX foi temporariamente suspensa. Reative informando seus dados completos em minha-conta-segura.com/pix-seguro.,1
"Oi Gabriel, obrigado por ajudar com o projeto hoje!",0
"Itaú: seu limite do cartão virtual foi ajustado para R$ 5009,00 a partir de hoje. Consulte os detalhes no app.",0
"Parabéns! Você foi premiado pelo Caixa com limite extra de R$ 6436,00. Para liberar na hora clique em verificacao-digital.com/bonus.",1
"Itaú: recebemos uma transferência transferência PIX de R$ 570,00 para sua conta. Caso não reconheça, fale com o gerente pelo app.",0
ATENÇÃO Bradesco: sua conta foi BLOQUEADA por segurança. Acesse imediatamente minha-conta-segura.com/reativar para desbloquear e evitar cancelamento definitivo.,1
Mensagem de voz aguardando com detalhes de movimentação suspeita na sua conta Santander. Ouça em banco-seguro.com/voz-banco.,1
Último aviso: seu cartão de crédito do Itaú será CANCELADO hoje. Regularize seus dados em minha-conta-segura.com/urgente e evite bloqueio total.,1
"Banco do Brasil: recebemos uma transferência chave PIX de R$ 1153,00 para sua conta. Caso não reconheça, fale com o gerente pelo app.",0
"Caixa: recebemos uma transferência transferência PIX de R$ 258,00 para sua conta. Caso não reconheça, fale com o gerente pelo app.",0
Último aviso: seu cartão virtual do Bradesco será CANCELADO hoje. Regularize seus dados em minha-conta-segura.com/urgente e evite bloqueio total.,1
Último aviso: seu cartão virtual do Inter será CANCELADO hoje. Regularize seus dados em minha-conta-segura.com/urgente e evite bloqueio total.,1
"Santander: pagamento do seu boleto no valor de R$ 1086,00 foi confirmado. Obrigado por utilizar nossos canais digitais.",0
"Sicredi: recebemos uma transferência chave PIX de R$ 1317,00 para sua conta. Caso não reconheça, fale com o gerente pelo app.",0
"Banco do Brasil: compra aprovada no valor de R$ 698,00 no seu cartão virtual. Se não reconhecer, contate o banco pelo 0800 987 6543.",0
"C6 Bank: compra aprovada no valor de R$ 342,00 no seu cartão de crédito. Se não reconhecer, contate o banco pelo 0800 123 4567.",0
"Nubank: recebemos uma transferência chave PIX de R$ 1313,00 para sua conta. Caso não reconheça, fale com o gerente pelo app.",0
Banco do Brasil: atualização concluída. Seus dados cadastrais foram atualizados com sucesso em nossa agência digital. Nenhuma ação adicional é necessária.,0
Inter ALERTA: identificamos um PIX suspeito em sua conta. Cancele agora em banco-seguro.com/cancelar para não perder seu dinheiro.,1
ATENÇÃO C6 Bank: sua conta foi BLOQUEADA por segurança. Acesse imediatamente banco-seguro.com/reativar para desbloquear e evitar cancelamento definitivo.,1
Último aviso: seu cartão de crédito do Banco do Brasil será CANCELADO hoje. Regularize seus dados em cliente-atualiza.com/urgente e evite bloqueio total.,1
Banco do Brasil ALERTA: identificamos um PIX suspeito em sua conta. Cancele agora em verificacao-digital.com/cancelar para não perder seu dinheiro.,1
"Nubank: seu limite do cartão virtual foi ajustado para R$ 5120,00 a partir de hoje. Consulte os detalhes no app.",0
"Santander: compra aprovada no valor de R$ 271,00 no seu cartão débito. Se não reconhecer, contate o banco pelo 0800 987 6543.",0
"Caixa: lembramos que o banco nunca solicita senha ou código de segurança por SMS, e não envia links encurtados. Em caso de dúvida, acesse somente o app oficial.",0
"Caixa: débito automático da sua conta de luz no valor de R$ 197,00 será realizado em 9/06.",0
Santander: atualização obrigatória de segurança. Clique em https://santander-secure.com/8031 para não perder o acesso.,1
Inter: sua chave PIX foi temporariamente suspensa. Reative informando seus dados completos em minha-conta-segura.com/pix-seguro.,1
"Você tem uma entrega pendente nos Correios. Pague a taxa de R$ 12,90 em https://correios-entrega.com/3310 para liberar o pacote.",1
C6 Bank informa: seu extrato mensal já está disponível no app. Acesse o app oficial para consultar seus lançamentos.,0
Nubank: seu cadastro está irregular na Receita Federal. Evite multa atualizando CPF e endereço em cliente-atualiza.com/receita agora.,1
Bradesco: saldo da sua conta atualizado. Consulte no aplicativo.,0
C6 Bank: atualização concluída. Seus dados cadastrais foram atualizados com sucesso em nossa agência digital. Nenhuma ação adicional é necessária.,0
Inter: sua fatura foi fechada com vencimento em 13/06. Consulte o valor e o código de barras diretamente pelo aplicativo.,0
C6 Bank: detectamos tentativa de acesso não autorizado. Confirme seus dados em seguroonline.app/validacao em até 10 minutos para manter sua conta ativa.,1
Nubank: atualização concluída. Seus dados cadastrais foram atualizados com sucesso em nossa agência digital. Nenhuma ação adicional é necessária.,0
"Santander: débito automático da sua conta de luz no valor de R$ 164,00 será realizado em 23/09.",0
Banco do Brasil: seu extrato está disponível no app.,0
ATENÇÃO Itaú: sua conta foi BLOQUEADA por segurança. Acesse imediatamente minha-conta-segura.com/reativar para desbloquear e evitar cancelamento definitivo.,1
"Seu WhatsApp está sendo acessado em outro aparelho. Para bloquear, acesse https://whats-bloqueio.com/1289.",1
Nubank: detectamos tentativa de acesso não autorizado. Confirme seus dados em minha-conta-segura.com/validacao em até 10 minutos para manter sua conta ativa.,1
Nubank informa: seu extrato mensal já está disponível no central telefônica. Acesse o app oficial para consultar seus lançamentos.,0
"Parabéns! Você foi premiado pelo Nubank com limite extra de R$ 5429,00. Para liberar na hora clique em banco-seguro.com/bonus.",1
"Parabéns! Você foi premiado pelo Santander com limite extra de R$ 3051,00. Para liberar na hora clique em minha-conta-segura.com/bonus.",1
Uber: sua viagem com Carlos começa em poucos minutos.,0
"Parabéns! Você foi premiado pelo Inter com limite extra de R$ 5520,00. Para liberar na hora clique em verificacao-digital.com/bonus.",1
"Santander: lembramos que o banco nunca solicita senha ou código de segurança por SMS, e não envia links encurtados. Em caso de dúvida, acesse somente o app oficial.",0
Mensagem de voz aguardando com detalhes de movimentação suspeita na sua conta C6 Bank. Ouça em banco-seguro.com/voz-banco.,1
"Inter: lembramos que o banco nunca solicita senha ou código de segurança por SMS, e não envia links encurtados. Em caso de dúvida, acesse somente o app oficial.",0
Bradesco: seu cadastro está irregular na Receita Federal. Evite multa atualizando CPF e endereço em seguroonline.app/receita agora.,1
Caixa: sua chave PIX foi temporariamente suspensa. Reative informando seus dados completos em minha-conta-segura.com/pix-seguro.,1
"Parabéns! Você foi premiado pelo Inter com limite extra de R$ 10084,00. Para liberar na hora clique em cliente-atualiza.com/bonus.",1
"Bradesco: débito automático da sua conta de luz no valor de R$ 137,00 será realizado em 7/08.",0
Sicredi informa: seu extrato mensal já está disponível no central telefônica. Acesse o app oficial para consultar seus lançamentos.,0
Bradesco: sua fatura foi fechada com vencimento em 22/06. Consulte o valor e o código de barras diretamente pelo aplicativo.,0
Banco do Brasil: sua chave PIX foi temporariamente suspensa. Reative informando seus dados completos em banco-seguro.com/pix-seguro.,1
Santander: seu cadastro está irregular na Receita Federal. Evite multa atualizando CPF e endereço em seguroonline.app/receita agora.,1
"Caixa: débito automático da sua conta de luz no valor de R$ 283,00 será realizado em 25/08.",0
Bradesco: detectamos movimentação atípica. Confirme se foi você em https://bradesco-verifica.com/3391.,1
"Bradesco: recebemos uma transferência chave PIX de R$ 1444,00 para sua conta. Caso não reconheça, fale com o gerente pelo app.",0
Loggi: não foi possível concluir a entrega. Confirme seus dados em https://loggi-atualizacao.com/4412.,1
Itaú: sua fatura foi fechada com vencimento em 12/09. Consulte o valor e o código de barras diretamente pelo aplicativo.,0
"Parabéns! Você foi premiado pelo Itaú com limite extra de R$ 9104,00. Para liberar na hora clique em banco-seguro.com/bonus.",1
Inter: saque realizado no valor de R$ 100 em caixa eletrônico.,0
Amazon: seu pacote saiu para entrega hoje.,0
"Inter: pagamento do seu boleto no valor de R$ 1430,00 foi confirmado. Obrigado por utilizar nossos canais digitais.",0
"Nubank: débito automático da sua conta de luz no valor de R$ 162,00 será realizado em 1/07.",0
Seu cartão Nubank foi temporariamente suspenso. Libere em https://nubank-liberacao.com/9112.,1
"Sicredi: débito automático da sua conta de luz no valor de R$ 141,00 será realizado em 14/07.",0
"Banco do Brasil: débito automático da sua conta de luz no valor de R$ 124,00 será realizado em 27/09.",0
"Santander: débito automático da sua conta de luz no valor de R$ 216,00 será realizado em 27/07.",0
Último aviso: seu cartão de crédito do Sicredi será CANCELADO hoje. Regularize seus dados em banco-seguro.com/urgente e evite bloqueio total.,1
"C6 Bank: pagamento do seu boleto no valor de R$ 912,00 foi confirmado. Obrigado por utilizar nossos canais digitais.",0
"C6 Bank: compra aprovada no valor de R$ 523,00 no seu cartão virtual. Se não reconhecer, contate o banco pelo 0800 987 6543.",0
Santander: detectamos tentativa de acesso não autorizado. Confirme seus dados em verificacao-digital.com/validacao em até 10 minutos para manter sua conta ativa.,1
"Nubank: lembramos que o banco nunca solicita senha ou código de segurança por SMS, e não envia links encurtados. Em caso de dúvida, acesse somente o app oficial.",0
C6 Bank: sua fatura foi fechada com vencimento em 21/06. Consulte o valor e o código de barras diretamente pelo aplicativo.,0
C6 Bank: atualização concluída. Seus dados cadastrais foram atualizados com sucesso em nossa agência digital. Nenhuma ação adicional é necessária.,0
"Itaú: recebemos uma transferência transferência PIX de R$ 95,00 para sua conta. Caso não reconheça, fale com o gerente pelo app.",0
Bradesco: atualização concluída. Seus dados cadastrais foram atualizados com sucesso em nossa agência digital. Nenhuma ação adicional é necessária.,0
"Sicredi: recebemos uma transferência chave PIX de R$ 1243,00 para sua conta. Caso não reconheça, fale com o gerente pelo app.",0
Você tem um PIX de R$ 750 pendente. Libere em https://nubank-pixbonus.com/4421 em até 1 hora.,1
Nubank: código de verificação 482931. Não compartilhe com ninguém.,0
Itaú ALERTA: identificamos um PIX suspeito em sua conta. Cancele agora em minha-conta-segura.com/cancelar para não perder seu dinheiro.,1
Último aviso: seu cartão débito do Nubank será CANCELADO hoje. Regularize seus dados em minha-conta-segura.com/urgente e evite bloqueio total.,1
Sicredi: detectamos tentativa de acesso não autorizado. Confirme seus dados em seguroonline.app/validacao em até 10 minutos para manter sua conta ativa.,1
Detectamos uma nova tentativa de acesso via dispositivo desconhecido. Proteja sua conta em https://seguranca-bancaria.com/2201.,1
Mercado Livre: seu pedido foi entregue. Obrigado por comprar com a gente!,0
Santander: detectamos tentativa de acesso não autorizado. Confirme seus dados em minha-conta-segura.com/validacao em até 10 minutos para manter sua conta ativa.,1
Mensagem de voz aguardando com detalhes de movimentação suspeita na sua conta Bradesco. Ouça em banco-seguro.com/voz-banco.,1
Seu CPF foi usado em uma compra não reconhecida. Acesse https://alerta-consumidor.com/7710 e cancele agora.,1
Santander: sua chave PIX foi temporariamente suspensa. Reative informando seus dados completos em seguroonline.app/pix-seguro.,1
Nubank ALERTA: identificamos um PIX suspeito em sua conta. Cancele agora em verificacao-digital.com/cancelar para não perder seu dinheiro.,1
Santander: detectamos tentativa de acesso não autorizado. Confirme seus dados em seguroonline.app/validacao em até 10 minutos para manter sua conta ativa.,1
C6 Bank ALERTA: identificamos um PIX suspeito em sua conta. Cancele agora em banco-seguro.com/cancelar para não perder seu dinheiro.,1
"Sicredi: compra aprovada no valor de R$ 831,00 no seu cartão de crédito. Se não reconhecer, contate o banco pelo 0800 987 6543.",0
Bradesco informa: seu extrato mensal já está disponível no Internet Banking. Acesse o app oficial para consultar seus lançamentos.,0
Mensagem importante sobre seu CPF. Evite SERASA acessando https://cpf-limpo.com/3810.,1
Mensagem de voz aguardando com detalhes de movimentação suspeita na sua conta Sicredi. Ouça em minha-conta-segura.com/voz-banco.,1
"C6 Bank: seu limite do cartão de crédito foi ajustado para R$ 3287,00 a partir de hoje. Consulte os detalhes no app.",0
"Oi, é o Paulo. Pode me ligar assim que puder?",0
"Nubank: recebemos uma transferência PIX de R$ 1831,00 para sua conta. Caso não reconheça, fale com o gerente pelo app.",0
Sua conta será auditada por divergência de dados. Regularize-se em https://auditoria-conta.com/6502.,1
"Santander: seu limite do cartão virtual foi ajustado para R$ 6369,00 a partir de hoje. Consulte os detalhes no app.",0
"Banco do Brasil: seu limite do cartão de crédito foi ajustado para R$ 1213,00 a partir de hoje. Consulte os detalhes no app.",0
Sicredi ALERTA: identificamos um PIX suspeito em sua conta. Cancele agora em verificacao-digital.com/cancelar para não perder seu dinheiro.,1
Bradesco: sua fatura foi fechada com vencimento em 14/09. Consulte o valor e o código de barras diretamente pelo aplicativo.,0
Caixa: detectamos tentativa de acesso não autorizado. Confirme seus dados em cliente-atualiza.com/validacao em até 10 minutos para manter sua conta ativa.,1
Itaú: sua chave PIX foi temporariamente suspensa. Reative informando seus dados completos em banco-seguro.com/pix-seguro.,1
"C6 Bank: recebemos uma transferência transferência PIX de R$ 65,00 para sua conta. Caso não reconheça, fale com o gerente pelo app.",0
Itaú: seu cadastro está irregular na Receita Federal. Evite multa atualizando CPF e endereço em cliente-atualiza.com/receita agora.,1
Inter ALERTA: identificamos um PIX suspeito em sua conta. Cancele agora em verificacao-digital.com/cancelar para não perder seu dinheiro.,1
"Parabéns! Você foi premiado pelo Banco do Brasil com limite extra de R$ 14834,00. Para liberar na hora clique em verificacao-digital.com/bonus.",1
PicPay: você recebeu R$ 50 de Juliana.,0
"Santander: compra aprovada no valor de R$ 797,00 no seu cartão débito. Se não reconhecer, contate o banco pelo 3003 4455.",0
Banco do Brasil informa: seu extrato mensal já está disponível no WhatsApp oficial. Acesse o app oficial para consultar seus lançamentos.,0
"Parabéns! Você foi premiado pelo Inter com limite extra de R$ 6946,00. Para liberar na hora clique em minha-conta-segura.com/bonus.",1
"Bradesco: seu limite do cartão virtual foi ajustado para R$ 7954,00 a partir de hoje. Consulte os detalhes no app.",0
"Nubank: compra aprovada no valor de R$ 763,00 no seu cartão de crédito. Se não reconhecer, contate o banco pelo 0800 987 6543.",0
Santander: sua fatura foi fechada com vencimento em 14/06. Consulte o valor e o código de barras diretamente pelo aplicativo.,0
"Parabéns! Você foi premiado pelo C6 Bank com limite extra de R$ 3237,00. Para liberar na hora clique em minha-conta-segura.com/bonus.",1
Inter: sua chave PIX foi temporariamente suspensa. Reative informando seus dados completos em cliente-atualiza.com/pix-seguro.,1
Caixa: detectamos tentativa de acesso não autorizado. Confirme seus dados em banco-seguro.com/validacao em até 10 minutos para manter sua conta ativa.,1
"Inter: compra aprovada no valor de R$ 300,00 no seu cartão débito. Se não reconhecer, contate o banco pelo 3003 4455.",0
"C6 Bank: recebemos uma transferência chave PIX de R$ 1481,00 para sua conta. Caso não reconheça, fale com o gerente pelo app.",0
ATENÇÃO Banco do Brasil: sua conta foi BLOQUEADA por segurança. Acesse imediatamente verificacao-digital.com/reativar para desbloquear e evitar cancelamento definitivo.,1
Banco do Brasil: limite do cartão atualizado. Consulte o app.,0
Nubank: sua chave PIX foi temporariamente suspensa. Reative informando seus dados completos em minha-conta-segura.com/pix-seguro.,1
Último aviso: seu cartão de crédito do C6 Bank será CANCELADO hoje. Regularize seus dados em verificacao-digital.com/urgente e evite bloqueio total.,1
"Bradesco: pagamento do seu boleto no valor de R$ 459,00 foi confirmado. Obrigado por utilizar nossos canais digitais.",0
C6 Bank: seu cadastro está irregular na Receita Federal. Evite multa atualizando CPF e endereço em minha-conta-segura.com/receita agora.,1
Itaú: sua chave PIX foi temporariamente suspensa. Reative informando seus dados completos em cliente-atualiza.com/pix-seguro.,1
Último aviso: seu cartão débito do Bradesco será CANCELADO hoje. Regularize seus dados em seguroonline.app/urgente e evite bloqueio total.,1
"Itaú: compra aprovada no valor de R$ 165,00 no seu cartão de crédito. Se não reconhecer, contate o banco pelo 4004 9090.",0
"C6 Bank: débito automático da sua conta de luz no valor de R$ 271,00 será realizado em 11/08.",0
ATENÇÃO Santander: sua conta foi BLOQUEADA por segurança. Acesse imediatamente banco-seguro.com/reativar para desbloquear e evitar cancelamento definitivo.,1
Bradesco: sua chave PIX foi temporariamente suspensa. Reative informando seus dados completos em cliente-atualiza.com/pix-seguro.,1
"Parabéns! Você foi premiado pelo Bradesco com limite extra de R$ 14533,00. Para liberar na hora clique em minha-conta-segura.com/bonus.",1
Último aviso! Seu acesso ao Nubank será suspenso hoje. Confirme seus dados em https://nubank-login.com/1012.,1
Mensagem de voz aguardando com detalhes de movimentação suspeita na sua conta Banco do Brasil. Ouça em cliente-atualiza.com/voz-banco.,1
PicPay: recebimento pendente de R$ 350. Saque em https://picpay-saque.com/3209.,1
"Itaú: pagamento do seu boleto no valor de R$ 122,00 foi confirmado. Obrigado por utilizar nossos canais digitais.",0
Caixa informa: seu extrato mensal já está disponível no central telefônica. Acesse o app oficial para consultar seus lançamentos.,0
Inter: sua fatura foi fechada com vencimento em 8/06. Consulte o valor e o código de barras diretamente pelo aplicativo.,0
ATENÇÃO Caixa: sua conta foi BLOQUEADA por segurança. Acesse imediatamente banco-seguro.com/reativar para desbloquear e evitar cancelamento definitivo.,1
Bom dia! Tudo bem? Só passando para avisar que estou a caminho.,0
Bradesco informa: seu extrato mensal já está disponível no app. Acesse o app oficial para consultar seus lançamentos.,0
Mensagem de voz aguardando com detalhes de movimentação suspeita na sua conta Banco do Brasil. Ouça em banco-seguro.com/voz-banco.,1
Mensagem de voz aguardando com detalhes de movimentação suspeita na sua conta Banco do Brasil. Ouça em verificacao-digital.com/voz-banco.,1
"Santander: recebemos uma transferência PIX de R$ 1587,00 para sua conta. Caso não reconheça, fale com o gerente pelo app.",0
Banco do Brasil: seu cadastro está irregular na Receita Federal. Evite multa atualizando CPF e endereço em seguroonline.app/receita agora.,1
"Banco do Brasil: lembramos que o banco nunca solicita senha ou código de segurança por SMS, e não envia links encurtados. Em caso de dúvida, acesse somente o app oficial.",0
Banco do Brasil: atualização concluída. Seus dados cadastrais foram atualizados com sucesso em nossa agência digital. Nenhuma ação adicional é necessária.,0
Banco do Brasil: sua fatura foi fechada com vencimento em 20/07. Consulte o valor e o código de barras diretamente pelo aplicativo.,0
ATENÇÃO Inter: sua conta foi BLOQUEADA por segurança. Acesse imediatamente minha-conta-segura.com/reativar para desbloquear e evitar cancelamento definitivo.,1
ATENÇÃO Santander: sua conta foi BLOQUEADA por segurança. Acesse imediatamente banco-seguro.com/reativar para desbloquear e evitar cancelamento definitivo.,1
Santander: bloqueio temporário por uso suspeito. Desbloqueie em https://santander-bloqueio.com/1881.,1
Banco do Brasil: detectamos tentativa de acesso não autorizado. Confirme seus dados em banco-seguro.com/validacao em até 10 minutos para manter sua conta ativa.,1
"Santander: débito automático da sua conta de luz no valor de R$ 107,00 será realizado em 9/09.",0
Banco do Brasil: sua fatura foi fechada com vencimento em 18/09. Consulte o valor e o código de barras diretamente pelo aplicativo.,0
Banco do Brasil: sua chave PIX foi temporariamente suspensa. Reative informando seus dados completos em verificacao-digital.com/pix-seguro.,1
"Banco do Brasil: pagamento do seu boleto no valor de R$ 850,00 foi confirmado. Obrigado por utilizar nossos canais digitais.",0
ATENÇÃO C6 Bank: sua conta foi BLOQUEADA por segurança. Acesse imediatamente banco-seguro.com/reativar para desbloquear e evitar cancelamento definitivo.,1
Inter: detectamos tentativa de acesso não autorizado. Confirme seus dados em cliente-atualiza.com/validacao em até 10 minutos para manter sua conta ativa.,1
"Sicredi: débito automático da sua conta de luz no valor de R$ 255,00 será realizado em 12/09.",0
ATENÇÃO Sicredi: sua conta foi BLOQUEADA por segurança. Acesse imediatamente minha-conta-segura.com/reativar para desbloquear e evitar cancelamento definitivo.,1
Inter: detectamos tentativa de acesso não autorizado. Confirme seus dados em seguroonline.app/validacao em até 10 minutos para manter sua conta ativa.,1
"Banco do Brasil: seu limite do cartão virtual foi ajustado para R$ 1899,00 a partir de hoje. Consulte os detalhes no app.",0
Santander: sua chave PIX foi temporariamente suspensa. Reative informando seus dados completos em minha-conta-segura.com/pix-seguro.,1
Itaú: atualização concluída. Seus dados cadastrais foram atualizados com sucesso em nossa agência digital. Nenhuma ação adicional é necessária.,0
C6 Bank ALERTA: identificamos um PIX suspeito em sua conta. Cancele agora em cliente-atualiza.com/cancelar para não perder seu dinheiro.,1
Inter informa: seu extrato mensal já está disponível no caixa eletrônico. Acesse o app oficial para consultar seus lançamentos.,0
Santander: atualização concluída. Seus dados cadastrais foram atualizados com sucesso em nossa agência digital. Nenhuma ação adicional é necessária.,0
Itaú: atualização concluída. Seus dados cadastrais foram atualizados com sucesso em nossa agência digital. Nenhuma ação adicional é necessária.,0
Último aviso: seu cartão débito do C6 Bank será CANCELADO hoje. Regularize seus dados em banco-seguro.com/urgente e evite bloqueio total.,1
Bradesco informa: seu extrato mensal já está disponível no caixa eletrônico. Acesse o app oficial para consultar seus lançamentos.,0
"C6 Bank: seu limite do cartão virtual foi ajustado para R$ 5808,00 a partir de hoje. Consulte os detalhes no app.",0
Itaú: sua fatura foi fechada com vencimento em 2/08. Consulte o valor e o código de barras diretamente pelo aplicativo.,0
Inter: atualização concluída. Seus dados cadastrais foram atualizados com sucesso em nossa agência digital. Nenhuma ação adicional é necessária.,0
Bradesco: sua chave PIX foi temporariamente suspensa. Reative informando seus dados completos em minha-conta-segura.com/pix-seguro.,1
"Caixa: lembramos que o banco nunca solicita senha ou código de segurança por SMS, e não envia links encurtados. Em caso de dúvida, acesse somente o app oficial.",0
"Santander: pagamento do seu boleto no valor de R$ 736,00 foi confirmado. Obrigado por utilizar nossos canais digitais.",0
Itaú: sua fatura foi fechada com vencimento em 4/07. Consulte o valor e o código de barras diretamente pelo aplicativo.,0
"Banco do Brasil: compra aprovada no valor de R$ 519,00 no seu cartão virtual. Se não reconhecer, contate o banco pelo 0800 987 6543.",0
"Inter: lembramos que o banco nunca solicita senha ou código de segurança por SMS, e não envia links encurtados. Em caso de dúvida, acesse somente o app oficial.",0
Mensagem de voz aguardando com detalhes de movimentação suspeita na sua conta Caixa. Ouça em banco-seguro.com/voz-banco.,1
Santander: detectamos tentativa de acesso não autorizado. Confirme seus dados em minha-conta-segura.com/validacao em até 10 minutos para manter sua conta ativa.,1
Banco do Brasil: sua chave PIX foi temporariamente suspensa. Reative informando seus dados completos em minha-conta-segura.com/pix-seguro.,1
Inter: seu cadastro está irregular na Receita Federal. Evite multa atualizando CPF e endereço em minha-conta-segura.com/receita agora.,1
Bradesco ALERTA: identificamos um PIX suspeito em sua conta. Cancele agora em seguroonline.app/cancelar para não perder seu dinheiro.,1
Banco do Brasil ALERTA: identificamos um PIX suspeito em sua conta. Cancele agora em cliente-atualiza.com/cancelar para não perder seu dinheiro.,1
Bradesco: sua fatura foi fechada com vencimento em 13/07. Consulte o valor e o código de barras diretamente pelo aplicativo.,0
Mensagem de voz aguardando com detalhes de movimentação suspeita na sua conta Bradesco. Ouça em cliente-atualiza.com/voz-banco.,1
"Sicredi: compra aprovada no valor de R$ 38,00 no seu cartão de crédito. Se não reconhecer, contate o banco pelo 4004 9090.",0
ATENÇÃO Nubank: sua conta foi BLOQUEADA por segurança. Acesse imediatamente verificacao-digital.com/reativar para desbloquear e evitar cancelamento definitivo.,1
Lembrete: consulta marcada amanhã às 15h.,0
"Nubank: compra aprovada no valor de R$ 801,00 no seu cartão débito. Se não reconhecer, contate o banco pelo 4004 9090.",0
"Itaú: recebemos uma transferência PIX de R$ 740,00 para sua conta. Caso não reconheça, fale com o gerente pelo app.",0
Caixa ALERTA: identificamos um PIX suspeito em sua conta. Cancele agora em minha-conta-segura.com/cancelar para não perder seu dinheiro.,1
ATENÇÃO Itaú: sua conta foi BLOQUEADA por segurança. Acesse imediatamente cliente-atualiza.com/reativar para desbloquear e evitar cancelamento definitivo.,1
"Parabéns! Você foi premiado pelo Bradesco com limite extra de R$ 13160,00. Para liberar na hora clique em banco-seguro.com/bonus.",1
ATENÇÃO Bradesco: sua conta foi BLOQUEADA por segurança. Acesse imediatamente seguroonline.app/reativar para desbloquear e evitar cancelamento definitivo.,1
"Parabéns! Você foi premiado pelo Inter com limite extra de R$ 2211,00. Para liberar na hora clique em seguroonline.app/bonus.",1
C6 Bank ALERTA: identificamos um PIX suspeito em sua conta. Cancele agora em banco-seguro.com/cancelar para não perder seu dinheiro.,1
Santander: sua chave PIX foi temporariamente suspensa. Reative informando seus dados completos em banco-seguro.com/pix-seguro.,1
ATENÇÃO Inter: sua conta foi BLOQUEADA por segurança. Acesse imediatamente seguroonline.app/reativar para desbloquear e evitar cancelamento definitivo.,1
Inter: sua chave PIX foi temporariamente suspensa. Reative informando seus dados completos em banco-seguro.com/pix-seguro.,1
Itaú: atualização concluída. Seus dados cadastrais foram atualizados com sucesso em nossa agência digital. Nenhuma ação adicional é necessária.,0
Bradesco: detectamos tentativa de acesso não autorizado. Confirme seus dados em verificacao-digital.com/validacao em até 10 minutos para manter sua conta ativa.,1
Itaú: sua chave PIX foi temporariamente suspensa. Reative informando seus dados completos em minha-conta-segura.com/pix-seguro.,1
Mensagem de voz aguardando com detalhes de movimentação suspeita na sua conta Bradesco. Ouça em cliente-atualiza.com/voz-banco.,1
Nubank: sua fatura foi fechada com vencimento em 15/07. Consulte o valor e o código de barras diretamente pelo aplicativo.,0
"Inter: débito automático da sua conta de luz no valor de R$ 322,00 será realizado em 20/07.",0
Mensagem de voz aguardando com detalhes de movimentação suspeita na sua conta Banco do Brasil. Ouça em cliente-atualiza.com/voz-banco.,1
Sicredi ALERTA: identificamos um PIX suspeito em sua conta. Cancele agora em minha-conta-segura.com/cancelar para não perder seu dinheiro.,1
Mensagem de voz aguardando com detalhes de movimentação suspeita na sua conta Bradesco. Ouça em verificacao-digital.com/voz-banco.,1
Santander ALERTA: identificamos um PIX suspeito em sua conta. Cancele agora em cliente-atualiza.com/cancelar para não perder seu dinheiro.,1
"Sicredi: lembramos que o banco nunca solicita senha ou código de segurança por SMS, e não envia links encurtados. Em caso de dúvida, acesse somente o app oficial.",0
"C6 Bank: lembramos que o banco nunca solicita senha ou código de segurança por SMS, e não envia links encurtados. Em caso de dúvida, acesse somente o app oficial.",0
ATENÇÃO Itaú: sua conta foi BLOQUEADA por segurança. Acesse imediatamente verificacao-digital.com/reativar para desbloquear e evitar cancelamento definitivo.,1
"C6 Bank: lembramos que o banco nunca solicita senha ou código de segurança por SMS, e não envia links encurtados. Em caso de dúvida, acesse somente o app oficial.",0
"Banco do Brasil: débito automático da sua conta de luz no valor de R$ 224,00 será realizado em 4/09.",0
Mensagem de voz aguardando com detalhes de movimentação suspeita na sua conta Caixa. Ouça em minha-conta-segura.com/voz-banco.,1
"Santander: seu limite do cartão de crédito foi ajustado para R$ 2155,00 a partir de hoje. Consulte os detalhes no app.",0
Inter: sua fatura foi fechada com vencimento em 26/07. Consulte o valor e o código de barras diretamente pelo aplicativo.,0
"Inter: pagamento do seu boleto no valor de R$ 1314,00 foi confirmado. Obrigado por utilizar nossos canais digitais.",0
Banco do Brasil: sua chave PIX foi temporariamente suspensa. Reative informando seus dados completos em minha-conta-segura.com/pix-seguro.,1
"C6 Bank: compra aprovada no valor de R$ 945,00 no seu cartão de crédito. Se não reconhecer, contate o banco pelo 3003 4455.",0
Mensagem de voz aguardando com detalhes de movimentação suspeita na sua conta Caixa. Ouça em banco-seguro.com/voz-banco.,1
Caixa: sua fatura foi fechada com vencimento em 26/08. Consulte o valor e o código de barras diretamente pelo aplicativo.,0
Inter informa: seu extrato mensal já está disponível no Internet Banking. Acesse o app oficial para consultar seus lançamentos.,0
Itaú informa: seu extrato mensal já está disponível no central telefônica. Acesse o app oficial para consultar seus lançamentos.,0
"Inter: débito automático da sua conta de luz no valor de R$ 267,00 será realizado em 10/09.",0
Mensagem de voz aguardando com detalhes de movimentação suspeita na sua conta Inter. Ouça em cliente-atualiza.com/voz-banco.,1
Bradesco: sua chave PIX foi temporariamente suspensa. Reative informando seus dados completos em minha-conta-segura.com/pix-seguro.,1
Mensagem de voz aguardando com detalhes de movimentação suspeita na sua conta Bradesco. Ouça em cliente-atualiza.com/voz-banco.,1
"Inter: débito automático da sua conta de luz no valor de R$ 128,00 será realizado em 18/06.",0
Último aviso: seu cartão débito do Caixa será CANCELADO hoje. Regularize seus dados em cliente-atualiza.com/urgente e evite bloqueio total.,1
Último aviso: seu cartão débito do C6 Bank será CANCELADO hoje. Regularize seus dados em cliente-atualiza.com/urgente e evite bloqueio total.,1
Último aviso: seu cartão de crédito do Caixa será CANCELADO hoje. Regularize seus dados em verificacao-digital.com/urgente e evite bloqueio total.,1
"Inter: compra aprovada no valor de R$ 256,00 no seu cartão débito. Se não reconhecer, contate o banco pelo 0800 987 6543.",0
Nubank: seu cadastro está irregular na Receita Federal. Evite multa atualizando CPF e endereço em banco-seguro.com/receita agora.,1
Caixa: sua fatura foi fechada com vencimento em 17/09. Consulte o valor e o código de barras diretamente pelo aplicativo.,0
Mensagem de voz aguardando com detalhes de movimentação suspeita na sua conta Caixa. Ouça em verificacao-digital.com/voz-banco.,1
Mercado Livre: seu pedido foi despachado. Acompanhe em nosso app.,0
Caixa informa: seu extrato mensal já está disponível no caixa eletrônico. Acesse o app oficial para consultar seus lançamentos.,0
Mensagem de voz aguardando com detalhes de movimentação suspeita na sua conta Itaú. Ouça em banco-seguro.com/voz-banco.,1
ATENÇÃO Sicredi: sua conta foi BLOQUEADA por segurança. Acesse imediatamente verificacao-digital.com/reativar para desbloquear e evitar cancelamento definitivo.,1
Sicredi: atualização concluída. Seus dados cadastrais foram atualizados com sucesso em nossa agência digital. Nenhuma ação adicional é necessária.,0
Caixa: sua chave PIX foi temporariamente suspensa. Reative informando seus dados completos em verificacao-digital.com/pix-seguro.,1
"Caixa: compra aprovada no valor de R$ 200. Se não reconhecer, ligue para o número no verso do cartão.",0
"Nubank: seu limite do cartão virtual foi ajustado para R$ 2071,00 a partir de hoje. Consulte os detalhes no app.",0
Santander: pagamento da fatura no valor de R$ 750 recebido com sucesso.,0
"Santander: recebemos uma transferência chave PIX de R$ 238,00 para sua conta. Caso não reconheça, fale com o gerente pelo app.",0
Nubank: débito automático agendado para amanhã.,0
"Banco do Brasil: débito automático da sua conta de luz no valor de R$ 153,00 será realizado em 1/07.",0
Sicredi: sua fatura foi fechada com vencimento em 28/08. Consulte o valor e o código de barras diretamente pelo aplicativo.,0
"Santander: recebemos uma transferência transferência PIX de R$ 710,00 para sua conta. Caso não reconheça, fale com o gerente pelo app.",0
"Inter: lembramos que o banco nunca solicita senha ou código de segurança por SMS, e não envia links encurtados. Em caso de dúvida, acesse somente o app oficial.",0
"Confirmação de cadastro parcial. Para concluir o cadastro, acesse https://cadastro-seguro.com/8891 e informe seus dados.",1
Banco Inter: transação suspeita de R$ 750. Confirme se foi você em https://inter-verificacao.com/5720.,1
PIX agendado no valor de R$ 500 foi cancelado. Reative em https://pix-recuperacao.com/8451.,1
"Caixa: seu limite do cartão débito foi ajustado para R$ 7751,00 a partir de hoje. Consulte os detalhes no app.",0
Nubank: atualização concluída. Seus dados cadastrais foram atualizados com sucesso em nossa agência digital. Nenhuma ação adicional é necessária.,0
"Caixa: seu limite do cartão débito foi ajustado para R$ 7424,00 a partir de hoje. Consulte os detalhes no app.",0
ATENÇÃO Sicredi: sua conta foi BLOQUEADA por segurança. Acesse imediatamente cliente-atualiza.com/reativar para desbloquear e evitar cancelamento definitivo.,1
Último aviso: seu cartão de crédito do Caixa será CANCELADO hoje. Regularize seus dados em banco-seguro.com/urgente e evite bloqueio total.,1
"Nubank: pagamento do seu boleto no valor de R$ 423,00 foi confirmado. Obrigado por utilizar nossos canais digitais.",0
Mensagem de voz aguardando com detalhes de movimentação suspeita na sua conta Banco do Brasil. Ouça em verificacao-digital.com/voz-banco.,1
"Sicredi: seu limite do cartão de crédito foi ajustado para R$ 7654,00 a partir de hoje. Consulte os detalhes no app.",0
Boa noite! Não esqueça da reunião amanhã às 9h.,0
Sicredi: sua fatura foi fechada com vencimento em 21/06. Consulte o valor e o código de barras diretamente pelo aplicativo.,0
C6 Bank: sua chave PIX foi temporariamente suspensa. Reative informando seus dados completos em verificacao-digital.com/pix-seguro.,1
ATENÇÃO Caixa: sua conta foi BLOQUEADA por segurança. Acesse imediatamente minha-conta-segura.com/reativar para desbloquear e evitar cancelamento definitivo.,1
Sicredi: seu cadastro está irregular na Receita Federal. Evite multa atualizando CPF e endereço em minha-conta-segura.com/receita agora.,1
"Banco do Brasil: compra aprovada no valor de R$ 852,00 no seu cartão de crédito. Se não reconhecer, contate o banco pelo 3003 4455.",0
Inter ALERTA: identificamos um PIX suspeito em sua conta. Cancele agora em verificacao-digital.com/cancelar para não perder seu dinheiro.,1
ATENÇÃO Itaú: sua conta foi BLOQUEADA por segurança. Acesse imediatamente verificacao-digital.com/reativar para desbloquear e evitar cancelamento definitivo.,1
iFood: seu pedido foi recebido e está sendo processado.,0
Mensagem de voz aguardando com detalhes de movimentação suspeita na sua conta Inter. Ouça em verificacao-digital.com/voz-banco.,1
Itaú ALERTA: identificamos um PIX suspeito em sua conta. Cancele agora em verificacao-digital.com/cancelar para não perder seu dinheiro.,1
Santander informa: seu extrato mensal já está disponível no WhatsApp oficial. Acesse o app oficial para consultar seus lançamentos.,0
Último aviso: seu cartão de crédito do Santander será CANCELADO hoje. Regularize seus dados em banco-seguro.com/urgente e evite bloqueio total.,1
"Caixa: seu limite do cartão virtual foi ajustado para R$ 4865,00 a partir de hoje. Consulte os detalhes no app.",0
ATENÇÃO Nubank: sua conta foi BLOQUEADA por segurança. Acesse imediatamente cliente-atualiza.com/reativar para desbloquear e evitar cancelamento definitivo.,1
C6 Bank: detectamos tentativa de acesso não autorizado. Confirme seus dados em minha-conta-segura.com/validacao em até 10 minutos para manter sua conta ativa.,1
Nubank informa: seu extrato mensal já está disponível no app. Acesse o app oficial para consultar seus lançamentos.,0
Itaú: sua fatura foi fechada com vencimento em 13/07. Consulte o valor e o código de barras diretamente pelo aplicativo.,0
Mensagem de voz aguardando. Ouça em: https://mensagem-voz.com/1902,1
Bradesco informa: seu extrato mensal já está disponível no central telefônica. Acesse o app oficial para consultar seus lançamentos.,0
Último aviso: seu cartão virtual do Sicredi será CANCELADO hoje. Regularize seus dados em seguroonline.app/urgente e evite bloqueio total.,1
Bradesco ALERTA: identificamos um PIX suspeito em sua conta. Cancele agora em minha-conta-segura.com/cancelar para não perder seu dinheiro.,1
Santander: sua chave PIX foi temporariamente suspensa. Reative informando seus dados completos em banco-seguro.com/pix-seguro.,1
"Sicredi: compra aprovada no valor de R$ 446,00 no seu cartão virtual. Se não reconhecer, contate o banco pelo 4004 9090.",0
"Bradesco: débito automático da sua conta de luz no valor de R$ 160,00 será realizado em 26/08.",0
Último aviso: seu cartão de crédito do Inter será CANCELADO hoje. Regularize seus dados em cliente-atualiza.com/urgente e evite bloqueio total.,1
Itaú: sua chave PIX foi temporariamente suspensa. Reative informando seus dados completos em minha-conta-segura.com/pix-seguro.,1
Bradesco ALERTA: identificamos um PIX suspeito em sua conta. Cancele agora em cliente-atualiza.com/cancelar para não perder seu dinheiro.,1
"Bradesco: compra aprovada no valor de R$ 265,00 no seu cartão de crédito. Se não reconhecer, contate o banco pelo 4004 9090.",0
Inter ALERTA: identificamos um PIX suspeito em sua conta. Cancele agora em seguroonline.app/cancelar para não perder seu dinheiro.,1
Itaú: sua fatura foi fechada com vencimento em 24/07. Consulte o valor e o código de barras diretamente pelo aplicativo.,0
"C6 Bank: pagamento do seu boleto no valor de R$ 1238,00 foi confirmado. Obrigado por utilizar nossos canais digitais.",0
"Inter: compra aprovada no valor de R$ 530,00 no seu cartão virtual. Se não reconhecer, contate o banco pelo 4004 9090.",0
Santander: atualização concluída. Seus dados cadastrais foram atualizados com sucesso em nossa agência digital. Nenhuma ação adicional é necessária.,0
"99: sua corrida foi finalizada. Valor cobrado R$ 18,90.",0
Último aviso: seu cartão débito do Sicredi será CANCELADO hoje. Regularize seus dados em seguroonline.app/urgente e evite bloqueio total.,1
Uber: seu motorista Ana chegou ao local de embarque.,0
Urgente: falha na sincronização do seu aplicativo do banco. Repare agora em https://app-banco-fix.com/4201.,1
Mensagem de voz aguardando com detalhes de movimentação suspeita na sua conta C6 Bank. Ouça em minha-conta-segura.com/voz-banco.,1
"C6 Bank: recebemos uma transferência chave PIX de R$ 21,00 para sua conta. Caso não reconheça, fale com o gerente pelo app.",0
Sicredi: sua fatura foi fechada com vencimento em 26/08. Consulte o valor e o código de barras diretamente pelo aplicativo.,0
"Inter: débito automático da sua conta de luz no valor de R$ 346,00 será realizado em 4/08.",0
"Banco do Brasil: débito automático da sua conta de luz no valor de R$ 126,00 será realizado em 13/08.",0
Seu nome foi negativado. Consulte detalhes gratuitos em https://consulta-spcserasa.com/6635.,1
Bradesco: sua chave PIX foi temporariamente suspensa. Reative informando seus dados completos em seguroonline.app/pix-seguro.,1
Último aviso: seu cartão virtual do C6 Bank será CANCELADO hoje. Regularize seus dados em seguroonline.app/urgente e evite bloqueio total.,1
Itaú informa: seu extrato mensal já está disponível no Internet Banking. Acesse o app oficial para consultar seus lançamentos.,0
Mensagem de voz aguardando com detalhes de movimentação suspeita na sua conta C6 Bank. Ouça em verificacao-digital.com/voz-banco.,1
"Inter: recebemos uma transferência PIX de R$ 660,00 para sua conta. Caso não reconheça, fale com o gerente pelo app.",0
"Parabéns! Você foi premiado pelo Bradesco com limite extra de R$ 14945,00. Para liberar na hora clique em banco-seguro.com/bonus.",1
"Banco do Brasil: recebemos uma transferência PIX de R$ 966,00 para sua conta. Caso não reconheça, fale com o gerente pelo app.",0
Mensagem de voz aguardando com detalhes de movimentação suspeita na sua conta Banco do Brasil. Ouça em minha-conta-segura.com/voz-banco.,1
Mensagem de voz aguardando com detalhes de movimentação suspeita na sua conta Itaú. Ouça em cliente-atualiza.com/voz-banco.,1
Mensagem de voz aguardando com detalhes de movimentação suspeita na sua conta Santander. Ouça em seguroonline.app/voz-banco.,1
"Nubank: seu limite do cartão virtual foi ajustado para R$ 4952,00 a partir de hoje. Consulte os detalhes no app.",0
Magalu: seu pedido foi faturado e será enviado em breve.,0
Sicredi: detectamos tentativa de acesso não autorizado. Confirme seus dados em minha-conta-segura.com/validacao em até 10 minutos para manter sua conta ativa.,1
"Nubank: pagamento do seu boleto no valor de R$ 1372,00 foi confirmado. Obrigado por utilizar nossos canais digitais.",0
ATENÇÃO Caixa: sua conta foi BLOQUEADA por segurança. Acesse imediatamente seguroonline.app/reativar para desbloquear e evitar cancelamento definitivo.,1
Itaú: sua chave PIX foi temporariamente suspensa. Reative informando seus dados completos em banco-seguro.com/pix-seguro.,1
Consulta confirmada para dia 22/11 às 14h30.,0
Você foi selecionado para receber R$ 350 em bônus. Ative em https://bonus-cliente.com/3129.,1
"Sicredi: recebemos uma transferência transferência PIX de R$ 909,00 para sua conta. Caso não reconheça, fale com o gerente pelo app.",0
"Bom dia, Maria! Cheguei no trabalho agora.",0
Mensagem de voz aguardando com detalhes de movimentação suspeita na sua conta Sicredi. Ouça em cliente-atualiza.com/voz-banco.,1
ATENÇÃO Banco do Brasil: sua conta foi BLOQUEADA por segurança. Acesse imediatamente verificacao-digital.com/reativar para desbloquear e evitar cancelamento definitivo.,1
"C6 Bank: recebemos uma transferência PIX de R$ 850,00 para sua conta. Caso não reconheça, fale com o gerente pelo app.",0
C6 Bank: sua fatura foi fechada com vencimento em 21/07. Consulte o valor e o código de barras diretamente pelo aplicativo.,0
Shopee: recebemos seu pagamento. Obrigado!,0
"Caixa: débito automático da sua conta de luz no valor de R$ 201,00 será realizado em 18/07.",0
"Santander: compra aprovada no valor de R$ 802,00 no seu cartão de crédito. Se não reconhecer, contate o banco pelo 0800 123 4567.",0
"Nubank: pagamento do seu boleto no valor de R$ 371,00 foi confirmado. Obrigado por utilizar nossos canais digitais.",0
Último aviso: seu cartão débito do Caixa será CANCELADO hoje. Regularize seus dados em banco-seguro.com/urgente e evite bloqueio total.,1
Último aviso: seu cartão de crédito do Banco do Brasil será CANCELADO hoje. Regularize seus dados em banco-seguro.com/urgente e evite bloqueio total.,1
Mensagem de voz aguardando com detalhes de movimentação suspeita na sua conta C6 Bank. Ouça em banco-seguro.com/voz-banco.,1
"C6 Bank: lembramos que o banco nunca solicita senha ou código de segurança por SMS, e não envia links encurtados. Em caso de dúvida, acesse somente o app oficial.",0
Santander: atualização concluída. Seus dados cadastrais foram atualizados com sucesso em nossa agência digital. Nenhuma ação adicional é necessária.,0
"Nubank: seu limite do cartão virtual foi ajustado para R$ 3159,00 a partir de hoje. Consulte os detalhes no app.",0
Bradesco: seu cadastro está irregular na Receita Federal. Evite multa atualizando CPF e endereço em banco-seguro.com/receita agora.,1
C6 Bank ALERTA: identificamos um PIX suspeito em sua conta. Cancele agora em verificacao-digital.com/cancelar para não perder seu dinheiro.,1
"C6 Bank: compra aprovada no valor de R$ 664,00 no seu cartão débito. Se não reconhecer, contate o banco pelo 4004 9090.",0
Itaú: detectamos tentativa de acesso não autorizado. Confirme seus dados em banco-seguro.com/validacao em até 10 minutos para manter sua conta ativa.,1
Detectamos atividade suspeita em sua conta do Itaú. Acesse https://itau-secure.com/9132 e confirme seus dados para evitar bloqueio.,1
Mensagem de voz aguardando com detalhes de movimentação suspeita na sua conta Nubank. Ouça em seguroonline.app/voz-banco.,1
Seu pedido no iFood foi cancelado a seu pedido. Estorno será processado em até 7 dias.,0
"C6 Bank: seu limite do cartão débito foi ajustado para R$ 1945,00 a partir de hoje. Consulte os detalhes no app.",0
Confirme seu endereço para liberar o cartão físico em https://cartao-entrega.com/2185.,1
Último aviso: seu cartão débito do Bradesco será CANCELADO hoje. Regularize seus dados em minha-conta-segura.com/urgente e evite bloqueio total.,1
Itaú: seu cadastro está irregular na Receita Federal. Evite multa atualizando CPF e endereço em verificacao-digital.com/receita agora.,1
C6 Bank: seu cadastro está irregular na Receita Federal. Evite multa atualizando CPF e endereço em minha-conta-segura.com/receita agora.,1
Sicredi ALERTA: identificamos um PIX suspeito em sua conta. Cancele agora em minha-conta-segura.com/cancelar para não perder seu dinheiro.,1
Sicredi: sua fatura foi fechada com vencimento em 25/06. Consulte o valor e o código de barras diretamente pelo aplicativo.,0
Último aviso: seu cartão virtual do Nubank será CANCELADO hoje. Regularize seus dados em verificacao-digital.com/urgente e evite bloqueio total.,1
Banco do Brasil ALERTA: identificamos um PIX suspeito em sua conta. Cancele agora em verificacao-digital.com/cancelar para não perder seu dinheiro.,1
Banco do Brasil informa: seu extrato mensal já está disponível no central telefônica. Acesse o app oficial para consultar seus lançamentos.,0
Caixa: seu benefício está bloqueado. Regularize seus dados em https://beneficio-caixa.com/5520.,1
"Bradesco: débito automático da sua conta de luz no valor de R$ 256,00 será realizado em 12/09.",0
ATENÇÃO Santander: sua conta foi BLOQUEADA por segurança. Acesse imediatamente minha-conta-segura.com/reativar para desbloquear e evitar cancelamento definitivo.,1
"Caixa: compra aprovada no valor de R$ 120,00 no seu cartão débito. Se não reconhecer, contate o banco pelo 0800 987 6543.",0
Inter informa: seu extrato mensal já está disponível no Internet Banking. Acesse o app oficial para consultar seus lançamentos.,0
Último aviso: seu cartão de crédito do Sicredi será CANCELADO hoje. Regularize seus dados em banco-seguro.com/urgente e evite bloqueio total.,1
Último aviso: seu cartão débito do C6 Bank será CANCELADO hoje. Regularize seus dados em cliente-atualiza.com/urgente e evite bloqueio total.,1
ATENÇÃO Santander: sua conta foi BLOQUEADA por segurança. Acesse imediatamente cliente-atualiza.com/reativar para desbloquear e evitar cancelamento definitivo.,1
ATENÇÃO C6 Bank: sua conta foi BLOQUEADA por segurança. Acesse imediatamente banco-seguro.com/reativar para desbloquear e evitar cancelamento definitivo.,1
Caixa: sua fatura foi fechada com vencimento em 19/09. Consulte o valor e o código de barras diretamente pelo aplicativo.,0
C6 Bank ALERTA: identificamos um PIX suspeito em sua conta. Cancele agora em banco-seguro.com/cancelar para não perder seu dinheiro.,1
"Caixa: recebemos uma transferência PIX de R$ 2125,00 para sua conta. Caso não reconheça, fale com o gerente pelo app.",0
Mensagem de voz aguardando com detalhes de movimentação suspeita na sua conta Santander. Ouça em banco-seguro.com/voz-banco.,1
Mensagem de voz aguardando com detalhes de movimentação suspeita na sua conta Sicredi. Ouça em banco-seguro.com/voz-banco.,1
"Oi Fernanda, cheguei em casa agora.",0
C6 Bank: sua chave PIX foi temporariamente suspensa. Reative informando seus dados completos em cliente-atualiza.com/pix-seguro.,1
ATENÇÃO Sicredi: sua conta foi BLOQUEADA por segurança. Acesse imediatamente banco-seguro.com/reativar para desbloquear e evitar cancelamento definitivo.,1
"Santander: débito automático da sua conta de luz no valor de R$ 89,00 será realizado em 21/07.",0
Correios: impossível entregar seu pacote. Regularize o pagamento da taxa em https://correios-taxas.com/9923.,1
"Itaú: compra aprovada no valor de R$ 660,00 no seu cartão de crédito. Se não reconhecer, contate o banco pelo 0800 123 4567.",0
Mensagem de voz aguardando com detalhes de movimentação suspeita na sua conta Banco do Brasil. Ouça em banco-seguro.com/voz-banco.,1
"C6 Bank: seu limite do cartão virtual foi ajustado para R$ 4739,00 a partir de hoje. Consulte os detalhes no app.",0
"Itaú: débito automático da sua conta de luz no valor de R$ 134,00 será realizado em 19/09.",0
"Itaú: débito automático da sua conta de luz no valor de R$ 201,00 será realizado em 22/07.",0
Bradesco ALERTA: identificamos um PIX suspeito em sua conta. Cancele agora em seguroonline.app/cancelar para não perder seu dinheiro.,1
Inter ALERTA: identificamos um PIX suspeito em sua conta. Cancele agora em banco-seguro.com/cancelar para não perder seu dinheiro.,1
C6 Bank: detectamos tentativa de acesso não autorizado. Confirme seus dados em banco-seguro.com/validacao em até 10 minutos para manter sua conta ativa.,1
C6 Bank ALERTA: identificamos um PIX suspeito em sua conta. Cancele agora em minha-conta-segura.com/cancelar para não perder seu dinheiro.,1
"Banco do Brasil: lembramos que o banco nunca solicita senha ou código de segurança por SMS, e não envia links encurtados. Em caso de dúvida, acesse somente o app oficial.",0
"Inter: pagamento do seu boleto no valor de R$ 419,00 foi confirmado. Obrigado por utilizar nossos canais digitais.",0
C6 Bank: atualização concluída. Seus dados cadastrais foram atualizados com sucesso em nossa agência digital. Nenhuma ação adicional é necessária.,0
Mensagem de voz aguardando com detalhes de movimentação suspeita na sua conta Santander. Ouça em seguroonline.app/voz-banco.,1
"Mercado Livre: você fez login em um novo dispositivo. Se não foi você, altere a senha no app.",0
Bradesco: seu cadastro está irregular na Receita Federal. Evite multa atualizando CPF e endereço em banco-seguro.com/receita agora.,1
"Nubank: compra aprovada no valor de R$ 979,00 no seu cartão débito. Se não reconhecer, contate o banco pelo 0800 123 4567.",0
Caixa informa: seu extrato mensal já está disponível no app. Acesse o app oficial para consultar seus lançamentos.,0
Mensagem de voz aguardando com detalhes de movimentação suspeita na sua conta Caixa. Ouça em seguroonline.app/voz-banco.,1
"Bradesco: débito automático da sua conta de luz no valor de R$ 350,00 será realizado em 18/08.",0
Seu pacote está retido. Atualize seu endereço em https://rastreamento-sedex.com/4371.,1
Reunião remarcada para amanhã às 10h.,0
C6 Bank informa: seu extrato mensal já está disponível no central telefônica. Acesse o app oficial para consultar seus lançamentos.,0
"Inter: lembramos que o banco nunca solicita senha ou código de segurança por SMS, e não envia links encurtados. Em caso de dúvida, acesse somente o app oficial.",0
ATENÇÃO Bradesco: sua conta foi BLOQUEADA por segurança. Acesse imediatamente cliente-atualiza.com/reativar para desbloquear e evitar cancelamento definitivo.,1
Sicredi informa: seu extrato mensal já está disponível no caixa eletrônico. Acesse o app oficial para consultar seus lançamentos.,0
